{
	"frames": {
		"crack01.png": {
			"frame": {
				"x": 1,
				"y": 1,
				"w": 11,
				"h": 11
			},
			"rotated": false,
			"trimmed": false,
			"spriteSourceSize": {
				"x": 0,
				"y": 0,
				"w": 11,
				"h": 11
			},
			"sourceSize": {
				"w": 11,
				"h": 11
			}
		},
		"crack02.png": {
			"frame": {
				"x": 14,
				"y": 1,
				"w": 18,
				"h": 22
			},
			"rotated": false,
			"trimmed": false,
			"spriteSourceSize": {
				"x": 0,
				"y": 0,
				"w": 18,
				"h": 22
			},
			"sourceSize": {
				"w": 18,
				"h": 22
			}
		},
		"tire.png": {
			"frame": {
				"x": 34,
				"y": 1,
				"w": 27,
				"h": 5
			},
			"rotated": false,
			"trimmed": false,
			"spriteSourceSize": {
				"x": 0,
				"y": 0,
				"w": 27,
				"h": 5
			},
			"sourceSize": {
				"w": 27,
				"h": 5
			}
		},
		"tire2.png": {
			"frame": {
				"x": 1,
				"y": 25,
				"w": 64,
				"h": 6
			},
			"rotated": false,
			"trimmed": false,
			"spriteSourceSize": {
				"x": 0,
				"y": 0,
				"w": 64,
				"h": 6
			},
			"sourceSize": {
				"w": 64,
				"h": 6
			}
		},
		"trailonroad.png": {
			"frame": {
				"x": 67,
				"y": 1,
				"w": 74,
				"h": 41
			},
			"rotated": false,
			"trimmed": false,
			"spriteSourceSize": {
				"x": 0,
				"y": 0,
				"w": 74,
				"h": 41
			},
			"sourceSize": {
				"w": 74,
				"h": 41
			}
		}
	},
	"meta": {
		"app": "http://www.codeandweb.com/texturepacker",
		"version": "1.0",
		"image": "spritesheet.png",
		"format": "RGBA8888",
		"size": {
			"w": 142,
			"h": 43
		},
		"scale": "1"
	}
}
